cluster,wind,wind_speed_100m,surface_pressure,air_temp
0,154.84593425086157,4.222589362074702,936.0683155804655,22.311801966021928
1,2020.6037974689998,211.658615356228,992.0287745580534,29.7145395466017
