cluster,wind,wind_speed_100m,surface_pressure
0,3.8786840201113995,6.355072754697506,0.5373359281679149
1,-0.07876581160489501,-0.12905471565521817,-0.01091187120867801
