cluster,wind,wind_speed_100m,surface_pressure
0,2020.6037974689998,211.658615356228,992.0287745580534
1,154.84593425086157,4.222589362074702,936.0683155804655
